<?xml version="1.0" encoding="UTF-8"?>
<databaseChangeLog xmlns="http://www.liquibase.org/xml/ns/dbchangelog"
                   xmlns:xsi="http://www.w3.org/2001/XMLSchema-instance"
                   xsi:schemaLocation="http://www.liquibase.org/xml/ns/dbchangelog
                   https://www.liquibase.org/xml/ns/dbchangelog/dbchangelog-latest.xsd">

    <changeSet id="add-db-tag-v.0.1.0" author="Andrey Pomelov">
        <tagDatabase tag="v.0.1.0"/>
    </changeSet>

    <include file="create-table-product.xml" relativeToChangelogFile="true"/>
    <include file="create-table-position.xml" relativeToChangelogFile="true"/>
    <include file="create-table-cart.xml" relativeToChangelogFile="true"/>
    <include file="create-table-customer.xml" relativeToChangelogFile="true"/>
    <include file="add-foreign-keys-to-table-position.xml" relativeToChangelogFile="true"/>
    <include file="add-foreign-keys-to-table-position-from-cart.xml" relativeToChangelogFile="true"/>
    <include file="add-foreign-keys-to-table-cart.xml" relativeToChangelogFile="true"/>

</databaseChangeLog>