<?xml version="1.0" encoding="UTF-8"?>
<databaseChangeLog xmlns="http://www.liquibase.org/xml/ns/dbchangelog"
                   xmlns:xsi="http://www.w3.org/2001/XMLSchema-instance"
                   xsi:schemaLocation="http://www.liquibase.org/xml/ns/dbchangelog
                   https://www.liquibase.org/xml/ns/dbchangelog/dbchangelog-latest.xsd">

    <changeSet id="create-table-product" author="Andrey Pomelov">
        <createTable tableName="product">
            <column name="id" type="bigint" autoIncrement="true">
                <constraints primaryKey="true"/>
            </column>

            <column name="title" type="varchar(100)">
                <constraints unique="true" nullable="false"/>
            </column>

            <column name="price" type="decimal(7,2)" defaultValue="0">
                <constraints unique="false" nullable="false"/>
            </column>

            <column name="active" type="boolean" defaultValue="true">
                <constraints unique="false" nullable="false"/>
            </column>
        </createTable>
    </changeSet>
</databaseChangeLog>