<?xml version="1.0" encoding="UTF-8"?>
<databaseChangeLog xmlns="http://www.liquibase.org/xml/ns/dbchangelog"
                   xmlns:xsi="http://www.w3.org/2001/XMLSchema-instance"
                   xsi:schemaLocation="http://www.liquibase.org/xml/ns/dbchangelog
                   https://www.liquibase.org/xml/ns/dbchangelog/dbchangelog-latest.xsd">

    <changeSet id="create-table-position" author="Andrey Pomelov">
        <createTable tableName="position">
            <column name="id" type="bigint" autoIncrement="true">
                <constraints primaryKey="true"/>
            </column>

            <column name="cart_id" type="bigint">
                <constraints unique="false" nullable="false"/>
            </column>

            <column name="product_id" type="bigint">
                <constraints unique="false" nullable="false"/>
            </column>

            <column name="quantity" type="int">
                <constraints unique="false" nullable="false"/>
            </column>
        </createTable>
    </changeSet>
</databaseChangeLog>